<?xml version="1.0" encoding="utf-8"?>
<openerp>
    <data>
		<!--  categories -->
        <record model="ir.module.category" id="module_category">
            <field name="name">Website Sales Team</field>
            <field name="sequence">10</field>
        </record>

		<!--  groups -->
        <record model="res.groups" id="group_team_user">
            <field name="name">Salesperson</field>
            <field name="category_id" ref="module_category"/>
			<field name="implied_ids" eval="[(4, ref('base.group_sale_salesman'))]"/>
			<field name="comment">Allows make sales</field>
		</record>
        <record model="res.groups" id="group_team_manager">
            <field name="name">Sales manager</field>
            <field name="category_id" ref="module_category"/>
			<field name="implied_ids" eval="[(4, ref('website_sales_team.group_team_user')), (4, ref('base.group_website_publisher'))]"/>
			<field name="comment">Allows edit products</field>
		</record>
        <record model="res.groups" id="group_team_owner">
            <field name="name">Sales team owner</field>
            <field name="category_id" ref="module_category"/>
			<field name="implied_ids" eval="[(4, ref('website_sales_team.group_team_manager'))]"/>
			<field name="comment">Allows appoint salespersons and managers</field>
		</record>
        <record model="res.groups" id="group_admin">
            <field name="name">Global administrator</field>
            <field name="category_id" ref="module_category"/>
			<field name="implied_ids" eval="[(4, ref('website_sales_team.group_team_owner'))]"/>
			<field name="comment">Gets access to all sales team</field>
		</record>

        <record model="ir.model.access" id="crm.access_res_partner">
			<field name="active" eval="False"/>
		</record>
		<!-- rules -->
		<record model="ir.rule" id="rule_section_all_read">
            <field name="name">Sales team:  read all</field>
            <field name="model_id" ref="sales_team.model_crm_case_section"/>
            <field name="domain_force">[(1,'=',1)]</field>
            <field name="groups" eval="[(4, ref('group_team_user'))]"/>
            <field name="perm_read" eval="True"/>
            <field name="perm_write" eval="False"/>
            <field name="perm_create" eval="False"/>
            <field name="perm_unlink" eval="False"/>
            <field name="global" eval="False"/>
		</record>
		<record model="ir.rule" id="rule_section_my_edit">
            <field name="name">Sales team:  edit my</field>
            <field name="model_id" ref="sales_team.model_crm_case_section"/>
            <field name="domain_force">[('member_ids', 'in', [user.id])]</field>
            <field name="groups" eval="[(4, ref('group_team_owner'))]"/>
            <field name="perm_read" eval="True"/>
            <field name="perm_write" eval="True"/>
            <field name="perm_create" eval="False"/>
            <field name="perm_unlink" eval="False"/>
            <field name="global" eval="False"/>
		</record>
		<record model="ir.rule" id="rule_section_all_edit">
            <field name="name">section:  edit all</field>
            <field name="model_id" ref="sales_team.model_crm_case_section"/>
            <field name="domain_force">[(1, '=', 1)]</field>
            <field name="groups" eval="[(4, ref('group_admin'))]"/>
            <field name="perm_read" eval="True"/>
            <field name="perm_write" eval="True"/>
            <field name="perm_create" eval="True"/>
            <field name="perm_unlink" eval="False"/>
            <field name="global" eval="False"/>
		</record>

		<record model="ir.rule" id="rule_product_template_all_read">
            <field name="name">product.template: read all</field>
            <field name="model_id" ref="product.model_product_template"/>
            <field name="domain_force">[(1, '=', 1)]</field>
            <field name="groups" eval="[(4, ref('group_team_user'))]"/>
            <field name="perm_read" eval="True"/>
            <field name="perm_write" eval="False"/>
            <field name="perm_create" eval="False"/>
            <field name="perm_unlink" eval="False"/>
            <field name="global" eval="False"/>
		</record>

		<record model="ir.rule" id="rule_product_template_my_edit">
            <field name="name">product.template:  edit my</field>
            <field name="model_id" ref="product.model_product_template"/>
            <field name="domain_force">[('section_id.member_ids', 'in', [user.id])]</field>
            <field name="groups" eval="[(4, ref('group_team_manager'))]"/>
            <field name="perm_read" eval="True"/>
            <field name="perm_write" eval="True"/>
            <field name="perm_create" eval="True"/>
            <field name="perm_unlink" eval="False"/>
            <field name="global" eval="False"/>
		</record>

		<record model="ir.rule" id="rule_product_template_all_edit">
            <field name="name">product.template:  edit all</field>
            <field name="model_id" ref="product.model_product_template"/>
            <field name="domain_force">[(1, '=', 1)]</field>
            <field name="groups" eval="[(4, ref('group_admin'))]"/>
            <field name="perm_read" eval="True"/>
            <field name="perm_write" eval="True"/>
            <field name="perm_create" eval="True"/>
            <field name="perm_unlink" eval="False"/>
            <field name="global" eval="False"/>
		</record>

		
		<record model="ir.rule" id="rule_product_product_all_read">
            <field name="name">product.product:  read all</field>
            <field name="model_id" ref="product.model_product_product"/>
            <field name="domain_force">[(1, '=', 1)]</field>
            <field name="groups" eval="[(4, ref('group_team_user'))]"/>
            <field name="perm_read" eval="True"/>
            <field name="perm_write" eval="False"/>
            <field name="perm_create" eval="False"/>
            <field name="perm_unlink" eval="False"/>
            <field name="global" eval="False"/>
		</record>

		<record model="ir.rule" id="rule_product_product_my_edit">
            <field name="name">product.product:  edit my</field>
            <field name="model_id" ref="product.model_product_product"/>
            <field name="domain_force">[('section_id.member_ids', 'in', [user.id])]</field>
            <field name="groups" eval="[(4, ref('group_team_manager'))]"/>
            <field name="perm_read" eval="True"/>
            <field name="perm_write" eval="True"/>
            <field name="perm_create" eval="True"/>
            <field name="perm_unlink" eval="False"/>
            <field name="global" eval="False"/>
		</record>

		<record model="ir.rule" id="rule_product_product_all_edit">
            <field name="name">product.product:  edit all</field>
            <field name="model_id" ref="product.model_product_product"/>
            <field name="domain_force">[(1, '=', 1)]</field>
            <field name="groups" eval="[(4, ref('group_admin'))]"/>
            <field name="perm_read" eval="True"/>
            <field name="perm_write" eval="True"/>
            <field name="perm_create" eval="True"/>
            <field name="perm_unlink" eval="False"/>
            <field name="global" eval="False"/>
		</record>

		<record model="ir.rule" id="rule_sale_order_my_edit">
            <field name="name">sale.order:  edit my</field>
            <field name="model_id" ref="sale.model_sale_order"/>
            <field name="domain_force">[('section_id.member_ids', 'in', [user.id])]</field>
            <field name="groups" eval="[(4, ref('group_team_user'))]"/>
            <field name="perm_read" eval="True"/>
            <field name="perm_write" eval="True"/>
            <field name="perm_create" eval="True"/>
            <field name="perm_unlink" eval="False"/>
            <field name="global" eval="False"/>
		</record>

		<record model="ir.rule" id="rule_res_partner_view_my">
            <field name="name">res.partner:  view my</field>
            <field name="model_id" ref="base.model_res_partner"/>
            <field name="domain_force">[('sale_order_ids.section_id.member_ids', 'in', [user.id])]</field>
            <field name="groups" eval="[(4, ref('group_team_user'))]"/>
            <field name="perm_read" eval="True"/>
            <field name="perm_write" eval="False"/>
            <field name="perm_create" eval="False"/>
            <field name="perm_unlink" eval="False"/>
            <field name="global" eval="False"/>
		</record>

		<record model="ir.rule" id="rule_res_partner_edit_myself">
            <field name="name">res.partner:  edit myself</field>
            <field name="model_id" ref="base.model_res_partner"/>
            <field name="domain_force">[('id', 'in', [user.partner_id.id])]</field>
            <field name="groups" eval="[(4, ref('group_team_user'))]"/>
            <field name="perm_read" eval="True"/>
            <field name="perm_write" eval="True"/>
            <field name="perm_create" eval="False"/>
            <field name="perm_unlink" eval="False"/>
            <field name="global" eval="False"/>
		</record>
		<record model="ir.rule" id="rule_res_partner_edit_all">
            <field name="name">res.partner:  edit all</field>
            <field name="model_id" ref="base.model_res_partner"/>
            <field name="domain_force">[(1, '=', 1)]</field>
            <field name="groups" eval="[(4, ref('group_admin'))]"/>
            <field name="perm_read" eval="True"/>
            <field name="perm_write" eval="True"/>
            <field name="perm_create" eval="True"/>
            <field name="perm_unlink" eval="False"/>
            <field name="global" eval="False"/>
		</record>
	</data>
</openerp>
