id,name,model_id:id,group_id:id,perm_read,perm_write,perm_create,perm_unlink
access_website_sale_special_offer_special_offer,access_website_sale_special_offer_special_offer,model_website_sale_special_offer_special_offer,base.group_sale_manager,1,1,1,1
access_website_sale_special_offer_special_offer_line,access_website_sale_special_offer_special_offer_line,model_website_sale_special_offer_special_offer_line,base.group_sale_manager,1,1,1,1
access_website_sale_special_offer_special_offer_line_rule,access_website_sale_special_offer_special_offer_line_rule,model_website_sale_special_offer_special_offer_line_rule,base.group_sale_manager,1,1,1,1
access_website_sale_special_offer_special_offer_line_rule_p,access_website_sale_special_offer_special_offer_line_rule_p,model_website_sale_special_offer_special_offer_line_rule_p,base.group_sale_manager,1,1,1,1
