<?xml version="1.0" encoding="utf-8"?>
<openerp>
    <data>

<template id="assets_frontend" inherit_id="website.assets_frontend" name="Shop">
	<xpath expr="." position="inside">
		<script type="text/javascript" src="/website_sales_team_custom/static/src/js/website_sales_team_custom.js"></script>
		<link rel='stylesheet' href='/website_sales_team_custom/static/src/css/website_sales_team_custom.css'/>
	</xpath>
</template>

<template id="products" inherit_id="website_sale.products">
	<xpath expr="//div[@class='js_sale']/*[1]" position="before">
		<div class="text-center">

			<h5 style="color:grey">Курсы валют (обновляются каждые три часа)</h5>
		<form class="form-inline" id="calculator">
			<div class="form-group">
				<label class="sr-only" for="input_egp">Amount (in egyptian pounds)</label>
				<div class="input-group">
					<input type="text" class="form-control" id="input_egp" data-name="EGP"/>
					<div class="input-group-addon">LE</div>
				</div>
			</div>
			<div class="form-group">
				<label class="sr-only" for="input_rub">Amount (in rubles)</label>
				<div class="input-group">
					<input type="text" class="form-control" id="input_rub" data-name="RUB"/>
					<div class="input-group-addon">руб.</div>
				</div>
			</div>
			<div class="form-group">
				<label class="sr-only" for="input_usd">Amount (in dollars)</label>
				<div class="input-group">
					<input type="text" class="form-control" id="input_usd" data-name="USD"/>
					<div class="input-group-addon">$</div>
				</div>
			</div>

			<div class="form-group">
				<label class="sr-only" for="input_eur">Amount (in EUR)</label>
				<div class="input-group">
					<input type="text" class="form-control" id="input_eur" data-name="EUR"/>
					<div class="input-group-addon">€</div>
				</div>
			</div>

			<div class="form-group">
				<label class="sr-only" for="input_gbp">Amount (in GBP)</label>
				<div class="input-group">
					<input type="text" class="form-control" id="input_gbp" data-name="GBP"/>
					<div class="input-group-addon">£</div>
				</div>
			</div>

		</form>		
		</div>
	</xpath>
</template>

	</data>
</openerp>
