<?xml version="1.0" encoding="utf-8"?>
<openerp><data>

<record id="view_partner_form" model="ir.ui.view">
    <field name="name">res.partner.form</field>
    <field name="model">res.partner</field>
    <field name="inherit_id" ref="base.view_partner_form"/>
    <field name="priority" eval="10"/>
    <field name="arch" type="xml">
        <xpath expr="//notebook[last()]" position="inside">
            <page string="Private products" name="private_products">
                <field name="private_sale_product_ids" widget="many2many_tags" domain="[('private_sale','=',True)]" />
            </page>
        </xpath>
    </field>
</record>

<record id="product_template_form_view" model="ir.ui.view">
    <field name="model">product.template</field>
    <field name="inherit_id" ref="product.product_template_form_view"/>
    <field name="arch" type="xml">
        <xpath expr="//group[@name='website_and_pos']" position="after">
            <group name="limitations" string="Private Sale">
                <field name="limit_per_order"/>
                <field name="private_sale"/>
                <field name="private_sale_partner_ids" widget="many2many_tags" attrs="{'readonly': [('private_sale', '=', False)]}"/>
            </group>
        </xpath>
    </field>
</record>

</data></openerp>
