<?xml version="1.0" encoding="utf-8"?>
<openerp>
    <data>
        <record id="mt_order_created" model="mail.message.subtype">
            <field name="name">Sales Order Created</field>
            <field name="res_model">sale.order</field>
            <field name="default" eval="True"/>
            <field name="description">Sale Order Created</field>
        </record>

        <record id="mt_salesteam_order_created" model="mail.message.subtype">
            <field name="name">Sales Order Created</field>
            <field name="res_model">crm.case.section</field>
            <field name="parent_id" eval="ref('website_sales_team.mt_order_created')"/>
            <field name="default" eval="True"/>
            <field name="relation_field">section_id</field>
        </record>

	</data>
</openerp>
