<?xml version="1.0" encoding="utf-8"?>
<openerp>
    <data>
		<template id="assets_frontend" inherit_id="website.assets_frontend" name="Shop">
			<xpath expr="." position="inside">
				<!--<script type="text/javascript" src="/website_sale_stock_status/static/src/js/website_sale_stock_status.js"></script>-->
				<link rel='stylesheet' href='/website_sale_stock_status/static/src/css/website_sale_stock_status.css'/>
			</xpath>
		</template>

		<template id="products_item" inherit_id="website_sale.products_item" name="Product item">
			<xpath expr="//div[@class='ribbon-wrapper']" position="after">
				<div class="ribbon-wrapper-custom ribbon-new">
					<div class="ribbon btn btn-danger">New</div>
				</div>
				<div class="ribbon-wrapper-custom-big ribbon-new-release">
					<div class="ribbon btn btn-danger">NEW RELEASE</div>
				</div>
				<div class="ribbon-wrapper-custom-big ribbon-backordered">
					<div class="ribbon btn btn-danger">Backordered</div>
				</div>
				<div class="ribbon-wrapper-custom-big ribbon-discontinued">
					<div class="ribbon btn btn-danger">Discontinued</div>
				</div>
				<div class="ribbon-wrapper-custom-big ribbon-pre-order-now">
					<div class="ribbon btn btn-danger">Pre order now!</div>
				</div>
			</xpath>
            <xpath expr="//form[@action='/shop/cart/update']" position="attributes">
                <attribute name="t-attf-class">
                    #{'disable_to_order' if any([not s.can_be_ordered for s in product.website_style_ids]) else ''}
                </attribute>
            </xpath>
		</template>
		<template id="products" inherit_id="website_sale.products" name="Products">
			<xpath expr="//t[@t-foreach='styles']/li" position="attributes">
				<attribute name="t-if">not style.auto</attribute>
			</xpath>
		</template>
		<template id="product" inherit_id="website_sale.product" name="Add Ribbons to product page">
			<xpath expr="//t[@t-call='website_sale.product_price']" position="after">
				<div class="labels" t-if="len(product.website_style_ids)">
					<t t-foreach="product.website_style_ids" t-as="style">
						<span class="label label-danger" t-field="style.name"/>
					</t>
				</div>
			</xpath>
			<xpath expr="//section[@id='product_detail']" position="attributes">
				<attribute name="t-attf-class">container oe_website_sale #{(compute_currency(product.lst_price) - product.price) &gt; 0.1 and 'discount'} #{'disable_to_order' if any([not s.can_be_ordered for s in product.website_style_ids]) else ''}</attribute>
			</xpath>
		</template>
	</data>
</openerp>
