<?xml version="1.0" encoding="utf-8"?>
<openerp>
    <data>

        <record id="website_sale.product_template_public" model="ir.rule">
            <field name="name">Public product template</field>
            <field name="model_id" ref="product.model_product_template"/>
            <field name="domain_force">['&amp;', '&amp;', ('website_published', '=', True), ("sale_ok", "=", True), '|', ('private_sale', '=', False), ('id', 'in', [p.id for p in user.partner_id.private_sale_product_ids])]</field>
            <field name="groups" eval="[(4, ref('base.group_public')), (4, ref('base.group_portal'))]"/>
            <field name="perm_read" eval="True"/>
            <field name="perm_write" eval="False"/>
            <field name="perm_create" eval="False"/>
            <field name="perm_unlink" eval="False"/>
        </record>

    </data>
</openerp>
