<?xml version="1.0" encoding="utf-8"?>
<openerp><data>
<template id="checkout_wizard">
	<ul class="wizard pull-right">
		<li t-att-class="primary=='make_order' and 'text-primary' or 'text-muted'">Make order<span class="chevron"></span></li>
		<li t-att-class="primary=='get_order_number' and 'text-primary' or 'text-muted'">Get order number<span class="chevron"></span></li>
		<li t-att-class="primary=='pick_up_order' and 'text-primary' or 'text-muted'">Pick up order<span class="chevron"></span></li>
	</ul>
</template>

<template id="cart" inherit_id="website_sale.cart">
	<xpath expr="//ul[@class='wizard pull-right']" position="replace">
		<t t-call="website_sale_order.checkout_wizard">
			<t t-set="primary" t-value="'make_order'"/>
		</t>
	</xpath>
	<xpath expr="//div[@id='right_column']" position="replace">
		<div class="col-lg-3 col-lg-offset-1 col-sm-3 col-md-3 text-muted" id="right_column">
		</div>
	</xpath>
</template>
<template id="checkout" inherit_id="website_sale.checkout">
	<xpath expr="//div[@id='wrap']" position="replace">
		<div id="wrap">
			<div class="container oe_website_sale">

				<t t-call="website_sale_order.checkout_wizard">
					<t t-set="primary" t-value="'get_order_number'"/>
				</t>

				<h1 bclass="mb32">Order number</h1>
				<div class="row">
					<div class="col-md-8 oe_cart">
						<form action="/shop/checkout" method="post" class="form-horizontal">
							<!--
								<div class="form-group ">
								<label class="col-md-3 col-sm-4 control-label" for="contact_name">Ваше имя</label>
								<div class="col-md-7 col-sm-8">
								<input type="text" class="form-control" name="contact_name"/>
								</div>
								</div>
							-->
							<div name="contact_name_container" class="form-group ">
								<label class="col-md-3 col-sm-4 control-label" for="contact_name">Your name</label>
								<div class="col-md-7 col-sm-8">
									<input class="form-control" name="contact_name"/>
								</div>
							</div>
							<div name="email_from_container" class="form-group ">
								<label class="col-md-3 col-sm-4 control-label" for="email_from">* Email</label>
								<div class="col-md-7 col-sm-8">
									<input required="True" type="email" class="form-control" name="email_from" placeholder="e.g. ivanov@mail.ru"/>
								</div>
							</div>
							<div name="phone_container" class="form-group ">
								<label class="col-md-3 col-sm-4 control-label" for="phone">Phone</label>
								<div class="col-md-7 col-sm-8">
									<input class="form-control" name="phone"/>
								</div>
							</div>
							<div class="form-group">
								<div class="col-md-offset-3 col-sm-offset-4 col-sm-8 col-md-7">
									<button class="btn btn-primary btn-lg">Get order number</button>
								</div>
							</div>
						</form>
					</div>

					<div class="col-lg-offset-1 col-lg-3 col-md-3 text-muted">
						<h3 class="page-header mt16">Your Order <small><a href="/shop/cart"><span class="fa fa-arrow-right"/> change</a></small></h3>
						<t t-set="website_sale_order" t-value="website.sale_get_order()"/>
						<div class="row">
							<div class="col-sm-6 text-right">Subtotal:</div>
							<div class="col-sm-6"><span t-field="website_sale_order.amount_untaxed" t-field-options='{
							"widget": "monetary",
							"display_currency": "website.pricelist_id.currency_id"
							}'/></div>
							<div class="col-sm-6 text-right">Taxes:</div>
							<div class="col-sm-6"><span t-field="website_sale_order.amount_tax" t-field-options='{
							"widget": "monetary",
							"display_currency": "website.pricelist_id.currency_id"
							}'/></div>
							<div class="col-sm-6 text-right"><h4>Total To Pay:</h4></div>
							<div class="col-sm-6"><h4><span t-field="website_sale_order.amount_total" t-field-options='{
							"widget": "monetary",
							"display_currency": "website.pricelist_id.currency_id"
							}'/></h4></div>
						</div>
					</div>

				</div>

			</div>
		</div>
	</xpath>
</template>
<template id="ready">
	<t t-call="website.layout">
		<t t-set="head">
			<link rel='stylesheet' href='/website_sale/static/src/css/website_sale.css'/>
			<!--<script type="text/javascript" src="/website_sale/static/src/js/website_sale_validate.js"></script>-->
			<t t-raw="head or ''"/>
		</t>
		<t t-set="additional_title">Shop - Confirmed</t>
		<div id="wrap">
			<div class="container oe_website_sale">
				<t t-call="website_sale_order.checkout_wizard">
					<t t-set="primary" t-value="'pick_up_order'"/>
				</t>

				<h1 bclass="mb32">Result</h1>

				<div class="mb32 text-center">
					<h2>Your order is accepted!</h2>
					<h3>Order number and further information are sent to your email.</h3>
				</div>
			</div>
			<div class="oe_structure"/>
		</div>

	</t>
</template>

</data>


<data noupdate="1">
    <record id="email_template_checkout" model="email.template">
        <field name="name">Send order number</field>
        <field name="email_from">${(object.user_id.email or '')|safe}</field>
        <field name="subject">${object.company_id.name} ${object.state in ('draft', 'sent') and 'Quotation' or 'Order'} (Ref ${object.name or 'n/a' })</field>
        <field name="partner_to">${object.partner_id.id}</field>
        <field name="model_id" ref="sale.model_sale_order"/>
        <field name="auto_delete" eval="True"/>
        <!--<field name="report_template" ref="report_sale_order"/>-->
        <!--<field name="report_name">${(object.name or '').replace('/','_')}_${object.state == 'draft' and 'draft' or ''}</field>-->
        <field name="lang">${object.partner_id.lang}</field>
        <field name="body_html"><![CDATA[
        Your order is accepted!

        <p>Your order number is ${object.name}. </p>
        <p>Product list:</p>
        <p>
% for line in object.order_line:
        <br/> ${line.product_id.name}: ${line.product_uom_qty} * ${line.price_unit} ${object.currency_id.name}
% endfor
<br/>
<br/> <b>Total:</b> ${object.amount_total} ${object.currency_id.name}
        </p>
        ]]></field>
    </record>
</data>
</openerp>
